# de_confirm: budget ladder (Part A, does DE's win over SBX persist at larger budgets?) and DE F/CR grid (Part B) for objectives=('vle','sft')
# Part A rungs: 2.7k (reused from variant-sft/, not run), 10.8k (40x45x6=10800), 28.8k (60x80x6=28800)
# Part B grid: de_f in (0.3, 0.5, 0.8) x de_cr in (0.5, 0.8, 1.0), pop_size=30 n_gen=30 n_restarts=3 (2700 evals/cell), 2 seeds
# axis 0 is AAD_vle [%] (eq 30), axis 1 is AAD_sft [mN/m] (eq 31) -- see variant_sft_check.py
# every metric column is region-clipped to AAD_vle in [0, 5]% (AAD_sft unclipped) against one reference front and one ref_point shared across every row in this file, Part A and Part B alike, built from Part A's runs
# refs was left at fit_pure_pareto's default for this mode, (2.0, 0.7), and is not a column here
# op/rung are set for Part A rows, de_f/de_cr for Part B rows; the other pair is null
# read with pl.read_csv(path, comment_prefix='#')
part,label,seed,op,rung,de_f,de_cr,evals,seconds,n_points,hv,igd_plus,spacing,max_gap,extent_0,extent_1
ladder,sbx@10.8k,101,sbx,10.8k,,,10800,182.71568079199642,21,174.5865805108438,0.7744067611228177,0.22953124379863624,0.6706378376839222,2.7442065825548854,3.2043329868516865
ladder,sbx@10.8k,202,sbx,10.8k,,,10800,183.55488812501426,63,174.63597516572176,0.878334602718745,0.03454256836271932,0.4055995659612015,2.5207534369251503,1.128092657062476
ladder,sbx@28.8k,101,sbx,28.8k,,,28800,466.5321423749847,123,177.32172587805493,0.20251985081913393,0.030409727266232162,0.42796619663903784,3.489941320578764,1.0601547494487247
ladder,sbx@28.8k,202,sbx,28.8k,,,28800,465.23484895800357,110,177.1401940964409,0.21308510964257021,0.02900342296973974,0.2503021233892257,3.58746146263301,1.3672199422202387
ladder,de-cr1.0@10.8k,101,de-cr1.0,10.8k,,,10800,196.32398624997586,120,179.1447132416773,0.08121304655122223,0.02731360370875425,0.14358136649463762,3.2652062377037137,1.20825294496237
ladder,de-cr1.0@10.8k,202,de-cr1.0,10.8k,,,10800,196.0898910840042,99,181.58768162718593,0.08606443115878173,0.022195773651086038,0.3832082813810711,3.6413650351546396,2.3372946167669784
ladder,de-cr1.0@28.8k,101,de-cr1.0,28.8k,,,28800,453.83214816698455,373,186.50486586267,0.002673746386925114,0.010270044022290212,0.0764188445060888,3.917997689933464,5.595066918687779
ladder,de-cr1.0@28.8k,202,de-cr1.0,28.8k,,,28800,458.24555891699856,316,185.9087499549365,0.0388361161772305,0.007694685167851743,0.09493276263422701,3.7758804571367692,1.5431490911138752
ladder,sbx@2.7k,101,sbx,2.7k,,,2700,48.775403209001524,7,160.64983995854175,1.0226230556003277,0.14093036799186362,0.5151118369328298,0.8901036531679973,0.053307944961562104
ladder,sbx@2.7k,202,sbx,2.7k,,,2700,50.94388712500222,3,134.83434200016555,1.3785715897039064,0.1282080758405796,1.0245760810743687,0.8681572911614763,0.29933207181123667
ladder,sbx@2.7k,303,sbx,2.7k,,,2700,46.8430234999978,29,156.52755676761197,1.6558709105944642,0.04508163567337879,0.11208300688289821,1.6269705392976284,0.4634082651053064
ladder,de-cr1.0@2.7k,101,de-cr1.0,2.7k,,,2700,47.09285762498621,25,176.94267014954744,0.39234725713292773,0.07766805692493986,0.5396755774728104,3.0939746887839785,0.9289799392850754
ladder,de-cr1.0@2.7k,202,de-cr1.0,2.7k,,,2700,49.65059016601299,36,176.55925733083077,0.30150156112521725,0.09498353828744457,0.2581507038210897,2.838158436245835,0.49163536696117793
ladder,de-cr1.0@2.7k,303,de-cr1.0,2.7k,,,2700,48.00750758301001,29,177.18105035200634,0.19157984871590697,0.1882064770560845,0.44169527679364745,3.3614734422592703,1.0413528633130584
grid,F0.3_CR0.5,101,,,0.3,0.5,2700,47.505319709016476,14,170.95076902276566,0.3331323319240825,0.14201632902000957,0.5874796164274437,1.0000994500428644,0.6396058602703909
grid,F0.3_CR0.5,202,,,0.3,0.5,2700,46.337051875016186,26,175.92337943387753,0.31876947709839903,0.11801669847298475,0.48646920336319416,3.1670224358087897,0.6358107862499744
grid,F0.3_CR0.8,101,,,0.3,0.8,2700,47.648765875026584,19,171.29261774428983,0.3272126974229867,0.24503474996886176,0.36502451109653944,3.145919841458448,1.191930722425383
grid,F0.3_CR0.8,202,,,0.3,0.8,2700,44.92994791700039,17,174.60353260520904,0.3305590343256022,0.2100535970189917,0.37887792941067394,2.934482537641913,0.7581230899642346
grid,F0.3_CR1.0,101,,,0.3,1.0,2700,45.56394699998782,23,176.28119080424543,0.7182247867016343,0.16323337026245918,0.18992791232084255,2.777012289563241,3.748731920772215
grid,F0.3_CR1.0,202,,,0.3,1.0,2700,44.10531304200413,16,167.98488201696176,0.6642510998229151,0.18159002461540166,0.4877025252635868,2.1645114905723184,1.6507389745215595
grid,F0.5_CR0.5,101,,,0.5,0.5,2700,46.73776887499844,30,171.87658792677198,0.20106291842492613,0.054713167452608694,0.47254417134139914,1.0499612593758356,0.8603617183423835
grid,F0.5_CR0.5,202,,,0.5,0.5,2700,43.21531649999088,12,176.51593524353925,0.775356379921012,0.0985110726222432,0.40048441918912464,2.4798947191725724,0.4039814528187393
grid,F0.5_CR0.8,101,,,0.5,0.8,2700,45.21172729099635,30,178.50586280257434,0.3610956480397048,0.07720066030479387,0.1442216988412947,2.981675671072636,0.4229144044630839
grid,F0.5_CR0.8,202,,,0.5,0.8,2700,47.01450320798904,16,174.5257493140846,0.40519287050419317,0.15864625870129145,0.7394280944438401,3.2269594132129185,1.382537358260918
grid,F0.5_CR1.0,101,,,0.5,1.0,2700,46.51555829201243,25,176.94267014954744,0.39234725713292773,0.07766805692493986,0.5396755774728104,3.0939746887839785,0.9289799392850754
grid,F0.5_CR1.0,202,,,0.5,1.0,2700,47.24841425000341,36,176.55925733083077,0.30150156112521725,0.09498353828744457,0.2581507038210897,2.838158436245835,0.49163536696117793
grid,F0.8_CR0.5,101,,,0.8,0.5,2700,48.640529916010564,11,170.3699218619221,0.5211300285733149,1.007429625856742,0.923521733157662,2.90659509169597,3.6858824718735557
grid,F0.8_CR0.5,202,,,0.8,0.5,2700,40.637123749998864,14,172.14691819400156,0.6649536872978021,0.13497728416689594,0.34465383269259464,2.461829318162555,0.2217818753722396
grid,F0.8_CR0.8,101,,,0.8,0.8,2700,43.52368170800037,6,168.04975529039945,0.3703077755245235,0.17701928599345992,0.698074578916954,0.8031020843427057,0.2460519229883853
grid,F0.8_CR0.8,202,,,0.8,0.8,2700,45.20117929199478,14,176.63018160159447,0.8116021153422773,0.09657723496077214,0.20970864259981464,2.3294358545425844,0.3398657231427965
grid,F0.8_CR1.0,101,,,0.8,1.0,2700,45.04438604100142,5,176.00828726672307,0.31584728181315275,0.09580214854949493,1.105615932612028,2.3406569078789077,0.6031856235801177
grid,F0.8_CR1.0,202,,,0.8,1.0,2700,44.98470274999272,16,166.4501123765532,0.39873555540684613,0.26234337716572537,0.3584837384633008,3.161813329988376,0.9913057609215579
