Temperature ( K ),density ( kg/m 3 ),Set Label,,,,,,,,,,
253.166,854.1,Authors: Cole, R. H. Title: Dielectric constants of aliphatic ketones Citation: J. Chem. Phys.,1941,9,251,,,,,,
273.100015873,836,Authors: Atoyan, V. A.,Mamedov, I. A. Title: Speed and absorption of sounds, viscosity and density of methylhexylketone in relation to the temperature and pressure. Citation: Izv. Vyssh. Uchebn. Zaved., Neft Gaz,1975,18, 74-78,,
273.15,833.8,Authors: Apaev, T. A.,Kerimov, A. M.,Dzhanakhmedov, N. Kh. Title: Investigation of the p-rho-t relation for methyl hexyl ketone over a wide range of temperatures and pressures. Citation: J. Eng. Phys. (Engl. Transl.),1978,35,879,,
273.15,835.1,Authors: Behal, A. Citation: Ann. Chim. Phys.,1888,15,267,,,,,,
273.15,836.8,Authors: Cole, R. H. Title: Dielectric constants of aliphatic ketones Citation: J. Chem. Phys.,1941,9,251,,,,,,
273.15,835.45,Authors: Deffet, L. Title: The Freezing Points of Organic Compounds XIII. Compounds With Seven Eight, Nine or Ten Carbon Atoms Citation: Bull. Soc. Chim. Belg.,1931,40, 385-402,,,,,
286.6419,823.2,Authors: Eykman, J. F. Citation: Natuurkd. Verh. Hollandsche Maatschappij Wet. Haarlem,1919,8, 438-555,,,,,,
288.141,822.66,Authors: Ceuterick, P. Citation: Bull. Soc. Chim. Belg.,1936,45,545,,,,,,
288.141,823.3,Authors: Deffet, L. Title: The Freezing Points of Organic Compounds XIII. Compounds With Seven Eight, Nine or Ten Carbon Atoms Citation: Bull. Soc. Chim. Belg.,1931,40, 385-402,,,,,
289.44022,820.1,Authors: Eijkman, M. J. Title: Refractometric research Citation: Recl. Trav. Chim. Pays-Bas,1893,12,157,,,,,,
290.6395,821.1,Authors: Falk, K. G. Title: The Change in Refractive Index with Temperature II. Citation: J. Am. Chem. Soc.,1909,31, 806-20,,,,,,
293.138,818.5,Authors: Bruhl, J. W. Title: The Chemical Constitution of Organic Compounds in Relation to their Density and their Ability to Propagate Light Citation: Justus Liebigs Ann. Chem.,1880,203,1,,,,,,
293.138,819.4,Authors: Cole, R. H. Title: Dielectric constants of aliphatic ketones Citation: J. Chem. Phys.,1941,9,251,,,,,,
293.138,818.7,Authors: Cook, N. C. Citation: Unpublished, Final Rep. Stand. Proj. on Oxygenated Compounds, ,1952, Penn. State Univ., College Park, PA,,,
293.138,817.9,Authors: Cowan, D. M.,Jeffery, G. H.,Vogel, A. I. Title: Physical Properties and Chemical Constitution. V. Alkyl Ketones. Citation: J. Chem. Soc.,1940, , 171-176,,
293.138,817,Authors: Ivanskii, V. I.,Dolgov, B. N. Title: New Catalysts for Obtaining Tetrahydrofuran and .gamma.-Butyrolactone from 1,4-Butanediol Citation: Zh. Prikl. Khim. (Leningrad),1963,36, 2256-61,,,
293.138,818,Authors: Kirrmann, A. Citation: C. R. Hebd. Seances Acad. Sci.,1927,185,1482,,,,,,
293.138,820.8,Authors: Lowry, T. M. Title: The rotatory dispersion power of organic compds. Part IV. Magnetic rotation and dispersion in some simple organic liquids Citation: J. Chem. Soc.,1914,105,81,,,,,,
293.138,817.1,Authors: Nazarov, I. N.,Fisher, L. B. Citation: Zh. Obshch. Khim.,1950,20,1107,,,,
293.138,819.02,Authors: Verhulst, G.,Glorieux, C. Title: Ethylenic Nitriles. alpha-Methyl-alpha-octenonitriles and alpha-Hexylacrylonitrile. Citation: Bull. Soc. Chim. Belg.,1932,41,501,,,,
293.14537,818.1,Authors: Atoyan, V. A.,Mamedov, I. A. Title: Speed and absorption of sounds, viscosity and density of methylhexylketone in relation to the temperature and pressure. Citation: Izv. Vyssh. Uchebn. Zaved., Neft Gaz,1975,18, 74-78,,
293.93768,817.9,Authors: Eykman, J. F. Citation: Recl. Trav. Chim. Pays-Bas,1895,14,185,,,,,,
296.1368,817,Authors: Stadeler Citation: Gahresbericht,1857,10,359,,,,,,,
297.03644,815.7,Authors: Eykman, J. F. Citation: Recl. Trav. Chim. Pays-Bas,1895,14,185,,,,,,
298.15,815.56,Authors: Comelli, F.,Francesconi, R. Title: Densities and Excess Molar Volumes of Binary Mixtures Containing Diethyl Carbonate + Linear or Cyclic Ketones at 298.15 K Citation: J. Chem. Eng. Data,1995,40,25/07/26,,,,
298.15,814.84,Authors: Comelli, F.,Francesconi, R. Title: Densities and excess molar volumes of dimethyl carbonate + six methyl n- alkyl ketones at 298.15 K and atmospheric pressure Citation: J. Chem. Eng. Data,1994,39, 108-110,,,,
298.15,815.66,Authors: Comelli, F.,Francesconi, R. Title: Densities and Excess Molar Volumes of Propylene Carbonate + Linear and Cyclic Ketones at 298.15 K Citation: J. Chem. Eng. Data,1995,40, 808-10,,,,
298.15,814.34,Authors: Comelli, F.,Francesconi, R. Title: Excess Molar Enthalpies for Propylene Carbonate + Linear and Cyclic Ketones at 298.15 K Citation: J. Chem. Eng. Data,1995,40, 805-7,,,,
298.15,814.359,Authors: Comelli, F.,Francesconi, R. Title: Excess molar volumes of 1-chloronaphthalene and 1-methylnaphthalene + five methyl n-alkyl ketones at 298.15 K Citation: J. Chem. Eng. Data,1992,37, 327-330,,,,
298.15,814.36,Authors: Comelli, F.,Francesconi, R. Title: Excess molar volumes of binary mixtures containing isooctane + six methyl- n-alkyl ketones at 298.15 K Citation: Thermochim. Acta,1993,224, 91-6,,,,
298.15,814.86,Authors: Comelli, F.,Francesconi, R. Title: Excess molar volumes of ethylbenzene and (2-chloroethyl)benzene + five methyl n-alkyl ketones at 298.15 K Citation: J. Chem. Eng. Data,1993,38, 450-452,,,,
298.15,814.359,Authors: Francesconi, R.,Comelli, F. Title: Excess enthalpies for binary mixtures of toluene, p-xylene or pseudocumene + methyl-n-alkyl ketones. Application of an extended cell model Citation: Thermochim. Acta,1993,216, 35-44,,,
298.15,814.34,Authors: Francesconi, R.,Comelli, F. Title: Excess molar enthalpies of binary mixtures containing dimethyl carbonate or diethyl carbonate and one of six methyl n-alkyl ketones. Application of an extended cell model Citation: Thermochim. Acta,1995,264, 95-104,,,,
298.15,814.28,Authors: Liao, W.-C.,Lin, H. M.,Lee, M. J. Title: Excess Molar Enthalpies of Binary Systems of 2-Octanone or 3-Octanone with Dodecane, Tetradecane, or Hexadecane at 298.15 K Citation: J. Chem. Eng. Data,2010,55, 217-222
298.15,814.32,Authors: Liao, W.-C.,Lin, H. M.,Lee, M.-J. Title: Excess molar enthalpies of binary systems containing 2-octanone, hexanoic acid, or octanoic acid at T = 298.15 K Citation: J. Chem. Thermodyn.,2012,44, 51-56
300.93488,813.3,Authors: Falk, K. G. Title: The Change in Refractive Index with Temperature II. Citation: J. Am. Chem. Soc.,1909,31, 806-20,,,,,,
303.134,810.21,Authors: Ceuterick, P. Citation: Bull. Soc. Chim. Belg.,1936,45,545,,,,,,
303.134,811.05,Authors: Deffet, L. Title: The Freezing Points of Organic Compounds XIII. Compounds With Seven Eight, Nine or Ten Carbon Atoms Citation: Bull. Soc. Chim. Belg.,1931,40, 385-402,,,,,
310.03124,805.1,Authors: Falk, K. G. Title: The Change in Refractive Index with Temperature II. Citation: J. Am. Chem. Soc.,1909,31, 806-20,,,,,,
313.13,802.1,Authors: Cole, R. H. Title: Dielectric constants of aliphatic ketones Citation: J. Chem. Phys.,1941,9,251,,,,,,
313.140055,801.3,Authors: Apaev, T. A.,Kerimov, A. M.,Dzhanakhmedov, N. Kh. Title: Investigation of the p-rho-t relation for methyl hexyl ketone over a wide range of temperatures and pressures. Citation: J. Eng. Phys. (Engl. Transl.),1978,35,879,,
319.42811,797.3,Authors: Falk, K. G. Title: The Change in Refractive Index with Temperature II. Citation: J. Am. Chem. Soc.,1909,31, 806-20,,,,,,
326.62595,791.2,Authors: Falk, K. G. Title: The Change in Refractive Index with Temperature II. Citation: J. Am. Chem. Soc.,1909,31, 806-20,,,,,,
333.124,784.8,Authors: Cole, R. H. Title: Dielectric constants of aliphatic ketones Citation: J. Chem. Phys.,1941,9,251,,,,,,
334.624,784.8,Authors: Cowan, D. M.,Jeffery, G. H.,Vogel, A. I. Title: Physical Properties and Chemical Constitution. V. Alkyl Ketones. Citation: J. Chem. Soc.,1940, , 171-176,,
334.624,784.4,Authors: Falk, K. G. Title: The Change in Refractive Index with Temperature II. Citation: J. Am. Chem. Soc.,1909,31, 806-20,,,,,,
342.824,777.3,Authors: Falk, K. G. Title: The Change in Refractive Index with Temperature II. Citation: J. Am. Chem. Soc.,1909,31, 806-20,,,,,,
353.123,767,Authors: Cole, R. H. Title: Dielectric constants of aliphatic ketones Citation: J. Chem. Phys.,1941,9,251,,,,,,
354.323,766.5,Authors: Eijkman, M. J. Title: Refractometric research Citation: Recl. Trav. Chim. Pays-Bas,1893,12,157,,,,,,
361.023,763,Authors: Cowan, D. M.,Jeffery, G. H.,Vogel, A. I. Title: Physical Properties and Chemical Constitution. V. Alkyl Ketones. Citation: J. Chem. Soc.,1940, , 171-176,,
373.073995,748.8,Authors: Cole, R. H. Title: Dielectric constants of aliphatic ketones Citation: J. Chem. Phys.,1941,9,251,,,,,,
373.07438,746,Authors: Atoyan, V. A.,Mamedov, I. A. Title: Speed and absorption of sounds, viscosity and density of methylhexylketone in relation to the temperature and pressure. Citation: Izv. Vyssh. Uchebn. Zaved., Neft Gaz,1975,18, 74-78,,
374.284138,750.598429193,Authors: Apaev, T. A.,Kerimov, A. M.,Dzhanakhmedov, N. Kh. Title: Investigation of the p-rho-t relation for methyl hexyl ketone over a wide range of temperatures and pressures. Citation: J. Eng. Phys. (Engl. Transl.),1978,35, 879 (Derived),,
393.12037,728,Authors: Atoyan, V. A.,Mamedov, I. A. Title: Speed and absorption of sounds, viscosity and density of methylhexylketone in relation to the temperature and pressure. Citation: Izv. Vyssh. Uchebn. Zaved., Neft Gaz,1975,18, 74-78,,
393.127,729.9,Authors: Cole, R. H. Title: Dielectric constants of aliphatic ketones Citation: J. Chem. Phys.,1941,9,251,,,,,,
410.6315,717.7,Authors: Eykman, J. F. Citation: Recl. Trav. Chim. Pays-Bas,1895,14,185,,,,,,
411.53168,716.8,Authors: Eykman, J. F. Citation: Recl. Trav. Chim. Pays-Bas,1895,14,185,,,,,,
413.11637,710,Authors: Atoyan, V. A.,Mamedov, I. A. Title: Speed and absorption of sounds, viscosity and density of methylhexylketone in relation to the temperature and pressure. Citation: Izv. Vyssh. Uchebn. Zaved., Neft Gaz,1975,18, 74-78,,
413.132,711.1,Authors: Cole, R. H. Title: Dielectric constants of aliphatic ketones Citation: J. Chem. Phys.,1941,9,251,,,,,,
433.112685,692,Authors: Atoyan, V. A.,Mamedov, I. A. Title: Speed and absorption of sounds, viscosity and density of methylhexylketone in relation to the temperature and pressure. Citation: Izv. Vyssh. Uchebn. Zaved., Neft Gaz,1975,18, 74-78,,
433.138,692.1,Authors: Cole, R. H. Title: Dielectric constants of aliphatic ketones Citation: J. Chem. Phys.,1941,9,251,,,,,,
445.44192,684.3,Authors: Schiff, R. Citation: Justus Liebigs Ann. Chem.,1883,220,71,,,,,,
445.44192,684.4,Authors: Schiff, R. Citation: Justus Liebigs Ann. Chem.,1883,220,71,,,,,,
476.11,650.700507293,Authors: Apaev, T. A.,Kerimov, A. M.,Dzhanakhmedov, N. Kh. Title: Investigation of the p-rho-t relation for methyl hexyl ketone over a wide range of temperatures and pressures. Citation: J. Eng. Phys. (Engl. Transl.),1978,35, 879 (Derived),,
566.041,539.333925,Authors: Apaev, T. A.,Kerimov, A. M.,Dzhanakhmedov, N. Kh. Title: Investigation of the p-rho-t relation for methyl hexyl ketone over a wide range of temperatures and pressures. Citation: J. Eng. Phys. (Engl. Transl.),1978,35, 879 (Derived),,
293.15,818.87,Authors: This Work,,,,,,,,,,
303.15,810.71,Authors: This Work,,,,,,,,,,
313.15,802.47,Authors: This Work,,,,,,,,,,
323.15,794.18,Authors: This Work,,,,,,,,,,
333.15,785.81,Authors: This Work,,,,,,,,,,
