# water Rehner & Gross front (objectives=('vle','sft')) variant check -- does knob_sweep.py's variant='de' win transfer out of Forte mode?
# pop_size=30 n_gen=30 n_restarts=3 refine=4, a deliberately reduced budget (~2700 evals/cell) -- see variant-sft-report.md for the runtime this bought
# axis 0 is AAD_vle [%] (eq 30), axis 1 is AAD_sft [mN/m] (eq 31) -- NOT the Forte sweep's AARD_psat/AARD_rho axes
# every metric column is region-clipped to AAD_vle in [0, 5]% (AAD_sft unclipped) against one reference front and one ref_point shared across all nine cells
# refs was left at fit_pure_pareto's default for this mode, (2.0, 0.7) -- not the (2.0, 2.0) Forte mode uses -- and is not a column here
# read with pl.read_csv(path, comment_prefix='#')
knob,level,seed,seconds,n_points,hv,igd_plus,spacing,max_gap,extent_0,extent_1
variant,sbx*,101,48.775403209001524,7,55.46405394553792,0.7679193366252869,0.14093036799186362,0.5151118369328298,0.8901036531679973,0.053307944961562104
variant,sbx*,202,50.94388712500222,3,20.534354886599502,1.3604567833970442,0.1282080758405796,1.0245760810743687,0.8681572911614763,0.29933207181123667
variant,sbx*,303,46.8430234999978,29,54.59572133339786,1.49242913898346,0.04508163567337879,0.11208300688289821,1.6269705392976284,0.4634082651053064
variant,de-cr1.0,101,47.09285762498621,25,72.42613707077348,0.1702388053737009,0.07766805692493986,0.5396755774728104,3.0939746887839785,0.9289799392850754
variant,de-cr1.0,202,49.65059016601299,36,71.18841795789112,0.08775295102503765,0.09498353828744457,0.2581507038210897,2.838158436245835,0.49163536696117793
variant,de-cr1.0,303,48.00750758301001,29,70.5757129420167,0.04086376950633911,0.1882064770560845,0.44169527679364745,3.3614734422592703,1.0413528633130584
variant,de-cr0.5,101,47.28482033300679,30,62.712147774298614,0.09221952661107911,0.054713167452608694,0.47254417134139914,1.0499612593758356,0.8603617183423835
variant,de-cr0.5,202,43.279287582990946,12,75.36980719600633,0.5290788762382015,0.0985110726222432,0.40048441918912464,2.4798947191725724,0.4039814528187393
variant,de-cr0.5,303,45.73180200002389,23,62.77317920450102,0.2460158999038881,0.13777503030497257,0.4935429351776778,3.2170032858943345,0.42864655146720443
